{
  "$schema": "https://schema.management.azure.com/schemas/2015-01-01/deploymentParameters.json#",
  "contentVersion": "1.0.0.0",
  "parameters": {
    "location": {
      "value": "southcentralus"
    },
    "workspaceName": {
      "value": "quick-starts-ws-124197"
    },
    "adminUserName": {
      "value": "azureuser"
    },
    "computeInstanceName": {
      "value": "exercise1-cc"
    },
    "maxNodes": {
      "value": 4
    },
    "minNodes": {
      "value": 0
    },
    "nodeIdleTimeBeforeScaleDown": {
      "value": "PT120S"
    },
    "remoteLoginPortPublicAccess": {
      "value": "NotSpecified"
    },
    "vmSize": {
      "value": "Standard_D2_v2"
    },
    "vmPriority": {
      "value": "LowPriority"
    }
  }
}